202202171532,"5147,5500,4792,5303,4736,6470,5066,5909,4795,3000,5250,4945,4545,5727,5418,5381,5000,5185,4957,5945"
202202161532,"7426,9000,7419,6868,7684,7058,7554,8409,6803,3000,6860,7087,909,7409,7475,7160,6770,7703,7350,7297"
202202151532,"7058,7000,7419,6919,7368,7941,8153,9090,6229,8000,7513,6923,6363,8409,7836,8090,7291,8333,7350,6846"
202202141532,"6985,8000,7465,7135,6631,7647,8050,8636,6516,9000,7645,7032,7272,7090,7774,7767,7187,8222,7094,7387"
202202111532,"4485,3000,4470,4221,3789,5294,4675,4090,5040,5000,4365,4065,7272,4045,4313,5011,4895,5185,4529,3727"
202202101532,"6397,7500,6497,6633,6210,5294,6633,6818,6885,6000,5608,6703,7272,7500,6639,6924,6354,6629,7264,7636"
202202091532,"5735,4500,5622,6080,5263,6764,6133,4545,4918,5000,5873,5164,5555,5318,5203,6039,5416,5925,5384,5454"
202202081532,"7629,8947,7981,8090,6842,8235,8100,7272,8155,7000,7645,7486,10000,8136,8097,8062,8125,7695,7350,7909"
202202071532,"6518,6842,6238,5979,6736,6176,7195,4772,6475,5000,6931,6502,9090,6863,6813,6633,6666,7249,6610,6454"
202202041532,"2370,2000,3073,2261,2631,2647,2237,2954,2131,2000,2671,3114,5454,3136,3029,2638,3333,1710,3559,2882"
202202031532,"2370,2000,3073,2261,2631,2647,2237,2954,2131,2000,2671,3114,5454,3136,3094,2638,3333,1710,3559,2882"
202202021532,"2370,2000,3073,2261,2631,2647,2237,2954,2131,2000,2671,3114,5454,3136,2964,2638,3333,1710,3559,2882"
202202011532,"2370,2000,3073,2261,2631,2647,2237,2954,2131,2000,2671,3114,5454,3136,3013,2638,3333,1710,3559,2882"
202201311532,"2370,2000,3073,2261,2631,2647,2237,2954,2131,2000,2671,3114,5454,3136,3013,2638,3333,1710,3559,2882"
202201281532,"2370,2000,3073,2261,2631,2647,2237,2954,2131,2000,2671,3114,5454,3136,3029,2638,3333,1710,3559,2882"
202201271532,"2462,3500,2064,1708,2210,2941,1856,1818,2551,1000,2148,2622,4545,1636,1957,1973,1770,2044,1779,1981"
202201261532,"4477,5000,4541,4824,5052,5294,4522,4772,4876,5000,4509,4808,9090,4772,4879,4894,4375,4535,4152,5135"
202201251532,"1791,500,1697,2211,2210,2647,1378,1363,1404,4000,1356,1475,6363,1772,1552,1564,2083,1635,1949,818"
202201241536,"5223,6000,4678,5427,4105,6176,4865,5454,4814,7000,4800,4590,10000,4500,4560,4567,3750,5464,4067,4363"
202201211532,"4253,6000,4678,4572,4105,5000,4333,6136,5349,5000,4053,3169,7272,4590,3785,4057,4687,4237,4491,3363"
202201201532,"2835,5000,3502,4371,4105,3823,3305,5454,3868,5000,3653,2950,8181,3090,3237,3447,3229,3828,3644,4000"
202201191532,"6641,8500,6376,6381,6210,5588,6424,8181,6419,4000,6390,7103,6363,7045,6985,6722,5833,7164,6694,6454"
202201181535,"3955,4000,5000,5326,3789,4117,4839,7727,6229,5000,4518,5519,6363,5954,5143,4950,4895,4365,4661,5909"
202201171535,"7089,6500,5550,6482,5684,4117,5851,5116,4016,8000,5227,5464,9090,5409,6512,5736,5625,6679,4915,5636"
202201141534,"3759,2000,3761,3467,3473,3823,4114,3720,3991,4444,5495,3351,6363,4227,4564,4015,3958,4141,3559,3909"
202201131535,"3308,4000,3256,3434,3578,1764,3091,2558,3786,1000,3297,4120,4545,3470,3264,3340,5416,2584,4237,3909"
202201121534,"6015,7500,7385,7336,6315,6764,6526,6976,6652,6000,7131,6868,5454,7000,7045,7161,6875,6977,5847,6363"
202201111535,"5864,9000,5045,5505,5368,6764,6503,6279,6446,4000,6434,6923,7272,6409,6598,6363,6458,6492,6610,6363"
202201101535,"6766,7000,6926,7070,7052,6764,7162,7209,7231,10000,7399,7071,7272,6545,6860,7047,7291,7500,5677,6454"
202201071535,"2835,1000,3256,4141,3894,2647,2837,5116,5082,5000,3504,4033,4545,4090,3328,3033,2604,2546,3305,2636"
202201061535,"5223,5000,4816,5454,5578,5294,5000,5813,4545,7000,5175,5856,7272,5409,5475,5294,5104,5505,5084,5000"
202201051534,"5671,6000,5458,5000,6210,3823,4746,3953,4752,10000,4824,5469,8181,4727,4984,5701,5416,5543,5593,4818"
202201041534,"5895,7000,5779,6818,6315,6470,6300,4418,6419,8000,5013,6022,9090,6818,6573,6622,5520,5280,6694,7454"
202201031535,"4626,4000,4311,5454,4255,4411,4382,3181,3950,4000,4016,4055,3636,4045,4199,3886,4479,3707,4915,3818"
202112311534,"4626,4000,4311,5454,4255,4411,4382,3181,3950,4000,4016,4055,3636,4045,4214,3886,4479,3707,4915,3818"
202112301534,"4776,3000,4174,4898,6170,4705,4543,5227,5185,2000,4797,4469,6363,4818,4689,4587,4631,4269,4322,5363"
202112291532,"3560,4500,3807,3030,4042,3823,3310,4545,3703,3000,3045,3314,6363,3363,3658,3488,3333,3571,5169,4000"
202112281534,"5112,5000,6082,6111,6666,5882,6391,6818,7242,4000,5687,6348,5454,6818,6434,5948,4791,5939,6271,6972"
202112271534,"6212,6500,6301,7878,6489,8484,6722,6818,6954,9000,7142,6685,8181,6090,6547,6588,6875,6616,5593,6513"
202112241534,"3484,3500,3800,4292,3870,5454,3344,3409,3621,6000,4070,3707,7272,2863,3472,2906,4687,3033,4067,5090"
202112231534,"3787,4000,4687,5757,4086,3939,4196,4772,4814,4000,4594,3820,9090,4109,4613,4537,3645,4194,4237,6181"
202112221534,"5954,3000,5265,5909,5161,5757,4949,5227,4605,2000,5203,4662,10000,5159,5448,4770,5625,5505,4596,4770"
202112211534,"7099,8000,7300,7272,5806,6060,6220,7272,6234,7000,6233,6892,9090,6666,7043,6748,6770,6090,6062,6636"
202112201534,"4122,4500,3938,4670,3870,4848,3191,4090,3791,3000,4308,4971,6363,3652,4380,3783,4895,3120,4960,3272"
202112171534,"4122,4000,4222,3959,4086,3030,2852,2954,3750,6000,3777,3707,9090,3698,3281,3496,4062,3396,5118,3545"
202112161534,"6641,7000,6622,6751,6344,6969,6774,7272,7583,8000,5760,7078,3636,7031,6640,6481,6458,6716,6771,7545"
202112151534,"4772,6000,4977,4213,4731,4545,4302,4666,5020,2000,4332,6089,6363,4200,5132,5038,4583,4867,5669,6272"
202112141534,"6666,7000,6339,6852,7021,7500,6689,6444,5541,7000,7049,6983,4545,6055,6620,6611,5625,6792,6062,7000"
202112131534,"6136,5500,6160,5532,6382,4687,5704,6000,4149,5000,5286,4916,8181,5825,5503,6080,5625,6150,5826,5909"
202112101534,"5267,7000,5714,6598,5531,5625,5602,4222,5933,5000,5558,5698,9090,5622,5627,5915,5833,5433,5748,4587"
202112091534,"4503,6000,4866,4568,4893,3750,5449,5555,5103,7000,5831,6011,7272,5069,5178,4922,5625,5207,5590,5688"
202112081534,"5267,6000,5803,5939,5744,5483,6570,7272,6804,8000,6348,6179,9090,5668,6009,6298,6041,6188,5748,6697"
202112071534,"7022,8000,7500,7766,7234,7741,7809,7500,6846,8000,7438,7640,8181,7557,7546,7392,8020,7924,7007,9082"
202112061534,"3206,4500,4017,3654,3191,2580,3599,4090,2780,7000,3251,4044,8181,3133,4037,3598,4479,3132,3070,3577"
202112031534,"4274,3000,4977,5765,5319,6774,5008,6136,7012,8000,5765,4915,5454,5437,5093,5038,6041,4486,5984,5871"
202112021534,"3053,3500,4311,3775,3617,2258,3752,3863,4647,5000,3907,3672,7272,4055,3726,3729,4736,3030,4173,3394"
202112011532,"6692,7500,6622,6938,7446,4838,6570,6222,7125,4000,4726,7457,7272,7327,6847,6600,5937,6477,6771,7981"
202111301532,"7076,7000,6000,5969,6276,5483,6564,5555,5250,4000,6420,6384,8181,5760,6723,6483,6250,6893,5984,6238"
202111291534,"5923,5500,6133,6428,4893,7096,6734,7111,6708,5000,6065,6327,7272,6728,6537,6454,5520,5984,6190,5688"
202111261533,"2923,4000,3973,3775,3829,3548,3605,4000,3666,4000,4016,3502,6363,4583,4083,4232,4062,3750,3492,4181"
202111251533,"4230,5500,5178,4642,3936,5161,4499,4666,4625,4000,5327,4067,3636,5069,4945,4840,3958,3863,4444,3818"
202111241533,"6153,5500,5401,5948,5531,5806,5687,6666,5606,5000,5683,5593,7272,5622,5847,5805,7083,5606,6031,5727"
202111231533,"6000,6500,6116,5663,5106,5483,5670,4444,5208,7000,5601,5310,7272,5437,5738,5477,5625,5757,5714,5636"
202111221533,"5692,8000,5000,5714,5106,3666,5813,5111,3208,7000,5409,4943,5454,5345,5520,5635,5520,4128,5079,5636"
202111191533,"5230,6500,5246,5918,5957,5666,5212,5333,5833,5000,5439,5340,5454,5642,5342,5502,5625,4810,5793,6454"
202111181532,"2923,2000,3901,4285,2340,1666,3191,1555,3000,4000,2582,3409,4545,3577,2979,3562,3020,3003,3968,4272"
202111171533,"6769,5500,6216,6938,6489,7333,7062,6279,4708,6000,6363,6079,6363,7201,6614,7006,6250,6349,5396,6000"
202111161533,"3923,6500,4298,5561,4255,4666,3901,3333,4625,5000,4931,4204,5454,4174,4330,3947,4791,3231,4365,3818"
202111151533,"5923,5500,5339,6581,5744,6666,5358,4888,6208,6000,5895,6136,9090,5275,5607,5666,6250,6007,5793,6090"
202111121533,"4461,5000,5158,3571,4574,6000,4982,3333,4333,7000,4765,4659,5454,4449,4439,5329,5104,4752,4444,4000"
202111111533,"4341,3500,4796,5663,4468,6000,4554,2954,5333,6000,5206,5340,8181,5137,5132,4989,4895,4674,5158,4363"
202111101533,"7209,9000,6891,6938,6382,6333,7260,6818,6473,7000,6942,7102,7272,6651,6995,7580,6458,6781,6349,6454"
202111091533,"6434,5500,5784,6153,5744,6000,6113,6363,4854,3000,5399,5738,6363,6330,6134,6397,5104,5708,5000,5818"
202111081533,"5581,6000,6008,6326,6063,6333,6489,4444,5228,6000,6005,5795,5454,5890,6040,6440,5520,6398,5476,5818"
202111051533,"4573,4000,4369,3418,4574,4666,3681,2666,3941,5000,4187,4488,7272,4200,3802,4040,5208,3831,3809,2818"
202111041533,"5968,6500,6396,5255,5000,7333,6729,6444,6307,8000,6446,5511,7272,6392,5727,6271,6145,7049,5317,6454"
202111031533,"6589,5000,6396,5510,6170,5333,6346,7111,5145,7000,5741,6193,7272,6940,6442,6663,6185,6513,6190,6330"
202111021533,"5468,4500,5315,6275,5000,6666,5846,7333,5726,6000,5137,5397,4545,5844,5337,5801,4742,5785,6111,5229"
202111011533,"4765,5500,5158,4846,5638,4333,5384,4666,5311,4000,4697,5056,8181,4794,5000,5306,5876,5517,5634,5688"
202110291533,"4296,6000,5515,5459,5851,5333,5392,4888,6016,6000,5179,5771,7272,5570,5251,5397,5463,4904,5396,5321"
202110281533,"4296,7000,5201,4846,5319,4666,4197,4000,5020,6000,4655,4971,9090,4657,4449,4505,5257,4521,5634,5412"
202110271533,"4881,5000,5246,5561,4255,4666,5563,5777,4813,5000,5441,5689,8181,4703,5748,5679,4895,5440,5158,5412"
202110261533,"5275,4500,4843,5025,5319,6333,5631,5555,3858,4000,5069,4655,8181,5525,5251,5421,4895,4942,4841,5000"
202110251533,"6587,8000,6188,7025,6489,4666,6723,5333,5352,5000,6222,6091,3636,6347,6220,6563,6458,6053,6507,5277"
202110221533,"4094,5500,5022,4974,4680,4666,3771,4444,5643,4000,3871,4057,6363,3607,3974,3680,3541,4022,4761,3888"
202110211533,"5039,5500,5067,6051,4574,4000,4470,2444,5767,5000,4818,4171,7272,4155,5157,4691,4895,4214,3968,5000"
202110201533,"4488,5000,4324,4845,4468,4000,4897,2888,4854,8000,5153,4195,7272,3532,4526,4962,5104,4712,4444,5045"
202110191533,"5826,4500,5585,5000,4148,6000,5614,5555,4522,8000,5571,5402,7272,5662,5401,5403,5052,5900,6031,5596"
202110181533,"6299,6500,6334,5618,4574,6666,6945,6222,5809,9000,6183,6781,7272,6940,6372,6430,6000,6436,5952,4862"
202110151532,"3228,4500,3755,3453,3510,4827,3948,4222,5518,7000,4078,3333,7272,4174,3548,3561,2947,3754,3333,3240"
202110141533,"4488,4500,4524,5000,5425,5517,4444,2888,4190,6000,4189,3850,5454,4311,4091,4784,4421,3831,4880,2592"
202110131533,"5433,5000,5746,5773,5000,5862,5829,3777,4564,8000,5530,4597,7272,5688,5687,5535,5319,5517,4880,3240"
202110121532,"7559,8000,7556,8298,7127,7586,8290,8444,7800,9000,8324,8275,8181,8669,8117,8172,7978,8352,7380,8796"
202110111533,"5826,5000,6289,6546,5957,6896,6410,6666,5352,4000,5837,6149,7272,7110,6408,6128,6489,5747,6825,6448"
202110081532,"6535,7000,6666,7346,6489,7241,6177,6222,6408,9000,6666,7011,10000,6788,6354,6473,6276,6692,6587,7407"
202110071533,"3779,3000,4200,4693,3655,4482,3703,6888,4262,5000,3583,4540,6363,4403,4167,4239,4838,3696,4047,6018"
202110061532,"3779,3000,4200,4693,3655,4482,3703,6888,4262,5000,3583,4540,6363,4403,4167,4218,4838,3696,4047,6018"
202110051532,"3779,3000,4200,4693,3655,4482,3703,6888,4262,5000,3583,4540,6363,4403,4167,4228,4838,3696,4047,6018"
202110041532,"3779,3000,4200,4693,3655,4482,3703,6888,4262,5000,3583,4540,6363,4403,4167,4239,4838,3696,4047,6018"
202110011532,"3730,3000,4200,4693,3655,4482,3703,6888,4262,5000,3583,4540,6363,4403,4167,4239,4893,3696,4047,6018"
202109301532,"3730,3000,4200,4693,3655,4482,3703,6888,4262,5000,3583,4540,6363,4403,4167,4239,4893,3696,4047,6018"
202109291532,"1666,1500,2155,1938,2826,1034,1760,2666,2745,3000,2061,2183,2727,1788,1968,2131,2631,1284,2222,3425"
202109281532,"5873,5000,4770,5408,4891,5862,5264,7111,4197,7000,4791,5771,5454,4816,4872,5161,5104,4335,4480,7706"
202109271533,"4126,5000,4678,6173,4301,6206,4188,4444,4773,8000,5027,4885,2727,3577,3678,4144,3750,4101,4308,5309"
202109241532,"3650,1000,3881,3948,3333,5517,3264,4000,4362,7000,4720,3793,5454,2968,3413,3695,4270,3398,3709,5535"
202109231532,"5555,5000,5433,5816,5376,4827,4717,5555,5000,5000,5726,5574,3636,4746,5215,5115,5104,5156,6160,5840"
202109221532,"5634,6500,5479,5459,4731,5862,5589,7333,5819,6000,6284,6379,6363,6497,6491,6066,5208,5507,6640,6371"
202109211532,"4841,4500,5114,6377,5638,4482,4940,4666,5942,3000,5558,6091,7272,5576,5566,5381,5729,4747,5840,7454"
202109201532,"4841,4500,5114,6377,5638,4482,4940,4666,5942,3000,5558,6091,7272,5576,5566,5381,5729,4747,5840,7454"
202109171532,"4841,4500,5114,6377,5638,4482,4940,4666,5942,3000,5558,6091,7272,5576,5566,5381,5729,4747,5840,7454"
202109161532,"2936,2000,3378,3061,2234,3793,2427,2000,2827,1000,3147,2890,7272,2903,3062,2698,3229,2996,2240,3153"
202109151532,"6587,6000,6743,6734,5744,5862,6382,6222,6393,6000,6378,7034,8181,6958,6900,6931,6530,6264,6240,7857"
202109141532,"4251,3500,4474,4438,4148,4827,4531,4444,3893,5555,4456,4011,7272,3963,4102,4612,4183,4785,3760,3185"
202109131532,"5793,6500,6513,6683,5531,6551,5519,3777,6680,7777,6061,7034,9090,6313,6869,6603,6530,5758,5920,7264"
202109101532,"3174,2000,3767,3673,3297,4482,3839,3555,3811,3333,4117,2790,5454,4259,3569,3773,3571,3696,3360,2822"
202109091532,"5476,3500,6000,5714,5744,5517,5494,6000,6188,7777,5449,6783,5454,6620,6247,6253,6597,4708,5680,6046"
202109081532,"6031,6000,6186,5561,5638,5806,5914,4888,6024,4444,5436,6140,5454,5972,5990,5960,6185,6731,5887,6000"
202109071532,"5317,7000,5794,5076,6170,6216,6000,6444,5368,5555,5380,6023,8181,6990,6209,6246,5979,5859,6451,7076"
202109061532,"6269,7000,6121,6000,6170,6486,6324,6000,4303,6666,5352,6315,8181,6064,6338,6582,5051,6054,5887,7230"
202109031532,"6269,5500,5348,5743,6170,3888,6119,5777,4549,7777,5802,5204,8181,6250,5951,5846,5567,5000,4354,6153"
202109021532,"5000,5500,5023,5025,4574,5555,5401,6222,5778,3333,4619,6491,4545,6018,5935,6225,4329,4843,5725,6923"
202109011532,"4920,7500,5767,5743,6382,3611,4537,2888,5450,4444,5042,5639,5454,3472,4129,4500,6391,5195,6048,4846"
202108311532,"6031,8000,5813,6479,6595,5833,6797,7111,6680,8888,6225,7325,4545,7407,6763,6477,7127,6070,6935,7461"
202108301532,"5555,7000,5694,5435,5638,6000,6952,6000,5163,5555,5464,6686,5454,6018,6199,6617,6382,5953,6209,6461"
202108271532,"5714,6500,4907,5948,6595,4411,6061,5333,5491,6666,5617,5872,5454,5806,5654,5513,6276,6171,5000,5307"
202108261532,"3571,3000,3456,2512,4361,3611,2950,4222,3237,3333,3735,3720,4545,2870,3376,3504,4680,2929,4677,3769"
202108251532,"6190,4500,5806,5282,5851,5277,5927,6222,6557,4444,6123,6104,6363,6481,6268,6663,5212,5330,6048,5923"
202108241532,"5714,5000,4608,5515,5591,5384,5817,6666,5596,5555,5730,5352,4545,6157,5555,5949,5684,5680,6290,6538"
202108231532,"5714,7000,5622,5282,5698,6666,5834,4888,5102,3333,4915,5588,2727,4722,5306,6190,6000,5369,5483,5230"
202108201532,"5079,6315,6267,6000,6956,6750,6323,6818,6378,3333,5898,6235,9090,6666,6387,6274,6041,5797,6693,7538"
202108191532,"3492,6315,4700,3743,3695,5227,4243,3181,3677,7777,4241,3846,5454,4490,4096,4428,3645,4007,4032,3828"
202108181532,"8015,8421,6820,7282,7173,7555,7710,8181,7272,8888,7837,7941,4545,7638,7741,7773,6979,7392,6370,7578"
202108171532,"3571,1052,4193,3141,4239,4468,4317,5909,3647,4444,3651,4736,3636,5277,4032,4222,3608,3112,4677,3671"
202108161532,"5760,5789,5622,5706,5326,6530,5578,5909,5327,5555,5633,6315,6363,4953,5451,5430,5257,5369,5887,5781"
202108131532,"5284,5263,5345,5811,5326,5660,4455,6136,6106,8888,5661,5497,5454,5925,5741,5388,4421,5136,6370,6406"
202108121536,"4390,5789,4490,3979,4782,4655,4904,4545,4918,2222,4507,4117,6363,5462,5112,4905,3578,4785,4919,5433"
202108111532,"6016,5263,5509,4712,5434,7118,6128,4772,4795,2222,4873,5882,2727,6018,5919,6315,5979,5953,6129,7322"
202108101532,"6991,8421,7916,6825,7173,7704,8440,8863,7078,7777,7859,7485,7272,8842,7932,7947,6907,8482,6774,8346"
202108091532,"6097,7368,6111,5820,5108,5396,6163,6136,5020,7777,5943,6081,8181,6342,6058,5831,6354,6225,5403,6614"
202108061532,"5203,4736,5576,5105,5869,4925,6457,6666,5901,4444,5154,6235,6363,5488,6423,6213,5208,5719,6451,6377"
202108051532,"4146,3684,5138,4000,4130,4788,4790,5777,4877,4444,3943,4674,6363,4418,4457,5253,4270,4046,4919,4409"
202108041532,"5853,5789,5483,5631,5108,6081,6398,7111,6008,6666,6478,5868,8181,6418,6298,6240,5729,6614,5645,5859"
202108031532,"4959,5789,5255,5526,3586,4675,5869,3555,5162,4444,7408,5449,6363,5860,5941,5513,6631,5752,6209,5703"
202108021532,"6991,7368,6350,6455,4565,6410,7785,5777,5769,3333,6232,6506,909,6056,6509,6740,4787,7335,6097,6796"
202107301532,"5447,3500,5380,4468,5000,5641,6080,6000,4653,5555,5779,5903,4545,6854,5996,5743,5106,6177,4715,6171"
202107291532,"5121,4545,5741,5691,5978,5949,7007,7777,5419,6666,6288,5393,3636,6713,6140,6252,5425,5637,5203,5546"
202107281532,"5245,6363,4736,5401,3736,4615,4368,5111,4545,5555,5892,4939,5454,4413,4747,4393,5425,4076,4959,4140"
202107271532,"1475,1818,1339,2085,2967,2051,1353,1333,1931,0,1363,2147,4545,1596,1451,1372,2021,1192,1869,1796"
202107261532,"5245,5000,6411,5638,5054,5897,6344,6222,4128,6666,5612,5679,7272,6698,6068,6425,4574,5875,5772,6484"
202107231532,"3553,4090,4545,3850,4555,3924,4393,3777,4015,4444,4131,4506,5454,4976,4543,4514,4210,4202,4796,4140"
202107221532,"4754,2727,4880,5537,5955,5185,5651,4888,5000,5555,5099,5460,6363,5971,6156,5711,5157,5486,6097,6171"
202107211532,"5365,5000,6459,5645,5393,6049,4955,4222,4848,6666,6039,5889,6363,6113,5716,5718,5473,5330,6178,5937"
202107201532,"6016,7272,5721,4919,5280,6543,6583,6444,6060,5555,5555,5214,7272,5639,6791,6442,6000,5836,6097,5312"
202107191532,"5447,6363,4903,5026,6321,6049,6205,4000,4318,6666,5612,5276,6363,5402,5700,5503,5157,5875,4959,4687"
202107161532,"3467,3181,4066,3529,4597,4444,3404,3555,3962,4444,3760,2944,6363,3791,3821,3800,3473,3735,4308,2734"
202107151532,"3870,4090,5000,5240,4597,4634,5366,7111,5245,4444,5811,4567,7272,5829,5268,4855,5157,4902,5203,4453"
202107141532,"2822,1363,3701,4064,2873,3292,2607,4666,3820,2222,4387,3703,9090,2606,3338,2915,3052,2325,3951,3671"
202107131532,"6935,6818,6634,6774,6477,6951,6218,6888,5880,5555,6342,7239,7272,6208,6449,6288,7157,6303,5403,7187"
202107121532,"5000,7272,5144,5483,5227,5853,6475,5333,4943,3333,5042,5521,3636,4881,5162,5647,4947,5758,5887,5275"
202107091532,"4032,5909,5384,5215,6022,5609,5402,5555,5318,4444,5527,5766,3636,5876,5751,5336,5578,4319,5564,6299"
202107081532,"3902,2000,4086,3262,3863,3452,4581,2727,4082,3333,3522,4049,3636,3886,3856,4343,3894,4375,4800,3779"
202107071532,"4958,5185,5480,6000,5113,5121,5813,6136,4589,4444,5113,5644,2727,6161,5539,5540,5463,5703,4160,4285"
202107061531,"7520,9629,7836,7150,7840,7692,8540,8636,7126,6666,8062,8209,7272,8104,8314,8290,7578,8085,7637,7936"
202107051532,"7190,7777,7177,7043,7303,7307,8043,7954,6679,7777,7293,6975,3636,7224,7797,7443,6526,7588,7716,7063"
202107021535,"4628,6774,4928,5401,5000,5189,5155,6136,4644,1111,5584,4444,7272,4976,5161,5122,5368,5374,5234,4285"
202107011532,"1612,2424,2606,3796,2872,2658,1170,1590,2397,3333,2706,2530,7272,2037,2103,2101,3052,1826,2890,2301"
202106301532,"6341,7058,5829,6256,6170,6538,6751,6136,5902,5555,5902,5555,7272,6492,6326,6730,5208,6930,5468,5714"
202106291532,"4146,3529,4809,4117,5434,3333,4472,4000,3834,5555,4527,4197,1818,4075,4370,4197,4375,4065,4921,2936"
202106281532,"4958,5294,6190,5347,5326,5128,6320,4222,5563,5555,6120,4875,7272,5380,5629,6072,5104,5906,4609,5555"
202106251532,"5121,4411,4976,5401,5543,5256,4781,6170,5779,5555,4971,5548,5000,5333,5418,4666,5625,3896,4920,5909"
202106241532,"4426,3823,4928,4171,3804,4102,4836,4468,5303,2222,4655,5304,0,4549,4574,4422,3645,3145,4523,4495"
202106231533,"6198,6764,6255,6256,7065,6923,6593,5319,5946,5555,6436,6768,10000,6587,6843,6419,6250,6291,5714,6238"
202106221538,"6280,7352,6172,7112,7608,6363,6350,7021,5606,7777,6839,6871,10000,6937,6430,6447,6770,5821,5634,5545"
202106211604,"6694,6764,6220,6042,6847,6623,7751,5000,6098,5555,7204,6196,10000,5741,6570,7182,6562,7652,5396,6545"
202106181539,"5454,5882,6445,5989,6630,5131,5063,3695,5568,3333,5821,5950,10000,5476,5460,6016,4895,5117,5873,5909"
202106171539,"5950,5000,6066,6559,6263,6842,6782,4680,4393,5555,6080,5121,10000,5904,5877,6235,5729,5654,5555,5636"
202106161539,"4297,6176,4739,4838,5934,6052,5173,3829,5643,1111,4566,5243,5000,4857,4847,4824,5312,5654,5000,5412"
202106151539,"4380,6176,5095,5053,3804,4736,4954,4042,3773,5555,4971,4390,10000,4666,4669,5074,4639,4626,3968,4036"
202106141539,"3966,4411,4523,4032,4148,5263,4149,3617,4356,4444,3855,4207,5000,4354,3806,3815,4536,4906,4761,5045"
202106111539,"3966,4411,4714,4086,4148,5394,4204,3617,4356,4444,3884,4329,5000,4449,3854,3846,4536,4953,4761,5137"
202106101546,"4958,6470,5238,4462,4680,5921,6368,4042,3954,6666,5449,4969,5000,5023,5580,5697,5463,5794,4841,5648"
202106091549,"5333,5000,6076,5967,5957,7105,6861,7446,5303,3333,6405,6441,10000,5904,6366,6102,6288,7323,6269,5555"
202106081553,"6666,6470,6602,5967,6276,7105,7226,7173,6780,6666,6366,7239,10000,6142,6602,6957,6288,6525,6111,5925"
202106071654,"5916,7647,6761,6451,6382,6052,7330,5869,5833,7777,6627,6049,5000,6428,6838,6833,6185,7746,5317,6111"
202106041716,"5666,5882,6153,6075,5106,6753,6624,4255,5000,6666,6250,5308,5000,6113,5661,5852,5257,6179,4523,4074"
202106031643,"3666,4411,3509,4838,4361,4736,2833,3617,2927,1250,3197,3950,5000,4218,3796,3678,4081,3349,3730,2777"
202106021722,"4583,5294,4714,4864,5212,5394,4277,5957,5862,3750,4476,5527,5000,4597,4758,4679,3979,3849,5280,4814"
202106011655,"6416,7058,6761,6540,6702,7368,6727,7446,6045,3750,5872,6583,10000,6824,6365,6427,6122,6056,7120,5648"
202105311648,"7083,7647,6682,8152,5851,7142,7276,6808,6653,8750,7354,5465,10000,6587,6898,7070,6122,6901,5840,6851"
202105281621,"5916,5294,6303,6304,5851,4868,6227,4893,6882,8750,5784,5776,5000,5023,5767,5703,6082,5962,5280,5185"
202105271613,"5882,6764,6142,5597,6489,6052,5989,2765,5741,7500,5813,6459,0,5450,5848,5809,6494,5868,5200,5185"
202105261606,"4705,6176,5523,4673,5531,6447,4798,5000,4942,5000,5290,5750,10000,5118,5550,5407,5104,4319,6129,5000"
202105251556,"5847,5588,5829,6141,5698,4736,5329,3478,4406,3750,5000,5750,5000,6161,5469,5499,5208,4809,4919,6074"
202105241549,"6440,7352,6350,6847,6666,6710,6782,6739,6091,7500,6511,7750,5000,6904,6466,6380,7216,6333,6451,5887"
202105211545,"4406,4117,4976,5000,5212,5131,4351,3478,4980,5000,5014,5093,0,4571,5040,4769,5051,4178,5161,5700"
202105202016,"3898,2352,3886,4836,4516,3815,4021,4565,4312,3750,4218,4099,0,3523,3934,4097,3854,2688,4227,4485"
202105201544,"3898,2352,3886,4836,4516,3815,4021,4565,4312,3750,4218,4099,0,3523,3934,4097,3854,2688,4227,4485"
202105192024,"3846,4411,5118,5136,4838,5789,5109,6086,5648,7500,5118,4968,0,4615,4616,5232,4787,4386,5284,7009"
202105191544,"3846,4411,5118,5136,4838,5789,5109,6086,5648,7500,5118,4968,0,4615,4616,5232,4787,4386,5284,7009"
202105191155,"6666,4411,6018,5737,6236,5789,6091,7173,5133,5000,5532,5527,0,6586,6013,6183,5000,5687,6178,6355"
202105181544,"5603,5454,6208,6022,5698,6133,6025,6521,4732,7500,6938,6024,5000,5576,5951,6112,6526,5829,5967,5887"
202105180233,"4017,4848,4644,4120,3763,4400,4387,5869,4274,6250,5205,3664,5000,5213,4408,4642,3437,4407,5161,4579"
202105171544,"4017,4848,4644,4120,3763,4400,4387,5869,4274,6250,5205,3664,5000,5213,4408,4642,3437,4407,5161,4579"
202105141544,"6120,7878,6161,5494,5714,6184,6391,5869,6554,7500,5899,6273,5000,7380,6175,6164,6250,5497,6935,5794"
202105131543,"3706,3939,5119,6153,3956,3815,4548,5217,5018,5000,5516,5093,5000,4523,4724,4426,5051,3981,5609,3962"
202105121543,"6724,6363,5933,5801,6043,6710,6180,6304,6217,3750,5887,6086,10000,6904,6298,6391,6185,6142,6829,6509"
202105111540,"6034,7575,6398,6906,5714,6578,6464,6521,6240,6250,5976,6645,10000,5238,6655,6339,6804,6714,5365,6509"
202105101540,"7264,7272,7109,7458,6813,7105,7403,8260,7169,6250,7640,7391,10000,8038,7691,7445,7319,7571,7235,8207"
202105071540,"3879,5454,4142,4666,3956,4605,3933,5869,4696,2500,3244,4968,0,4354,4780,4520,4432,3619,5121,5142"
202105061539,"4336,3939,5024,4519,4382,4473,4327,5000,4576,3750,3976,4625,0,5339,5073,4809,4329,4428,4508,4903"
202105051540,"3947,5312,4589,5310,6179,4078,3698,4666,4307,2500,6547,4125,10000,4752,4644,4504,5670,4162,4918,3557"
202105041539,"3947,5312,4589,5310,6179,4078,3698,4666,4307,2500,6547,4125,10000,4752,4644,4504,5670,4162,4918,3557"
202105031541,"3947,5312,4589,5310,6179,4078,3698,4666,4307,2500,6547,4125,10000,4752,4644,4504,5670,4162,4918,3557"
202104301540,"3931,5151,4597,5274,5957,4078,3683,4782,4248,2500,6529,4161,10000,4711,4617,4501,5670,4190,4796,3644"
202104291539,"2564,1818,2843,4065,4042,3947,2965,3260,4172,3750,3470,3913,5000,3942,3398,3015,3505,3190,4262,3925"
202104281542,"6495,5454,6303,7182,5744,6052,6114,6739,6541,1250,6029,6583,5000,6586,6195,5997,5154,5761,6885,6728"
202104271542,"5042,5151,5497,5500,5212,5394,4825,5652,4924,5000,6647,4720,5000,5769,5869,5531,5773,5380,5655,5943"
202104261544,"4871,2727,3761,4301,4680,3733,2928,3913,3909,3750,4352,3478,0,3750,3853,3991,4432,2666,4016,3113"
202104231543,"5128,4545,5333,5722,5000,4533,5119,6739,5451,5000,5693,4658,5000,4663,5235,5412,4329,4190,5409,4905"
202104221543,"6324,5151,6238,6759,6808,6000,6143,6739,5977,8750,6430,5875,5000,5384,6026,5943,5979,5454,5573,6132"
202104211541,"4608,4545,4976,6629,5425,5675,5018,4565,4924,7500,6165,5408,5000,5507,5457,5173,4791,5502,4672,5523"
202104201540,"3565,3636,3923,3988,4255,4459,3364,4565,4060,3750,2949,3773,5000,3140,4058,3652,4270,2918,3524,4571"
202104191541,"4521,3636,5288,5423,4468,5540,5814,4130,5187,3750,4306,5345,5000,6231,4656,5260,4583,5167,5573,4811"
202104161540,"6086,5454,6442,5819,7234,5540,5621,5555,5939,1250,5486,5974,5000,4827,5669,5610,5567,5885,5901,5660"
202104151541,"4824,3636,5837,5593,5957,5000,5000,5777,6052,6250,5529,4528,0,5665,5016,4901,5051,5119,5163,4150"
202104141540,"6052,6060,6985,6497,6808,6081,6407,6304,5509,6250,6058,5723,5000,5873,5990,6061,5773,6220,5737,5904"
202104131542,"6315,5454,5144,5480,5638,6486,6648,5217,5660,8571,6135,5812,10000,6067,5838,5717,6288,6586,5163,6190"
202104121543,"4912,3030,5288,4775,4893,6575,4562,5434,4774,5714,5000,5687,0,5436,5016,4901,4845,4278,5901,6000"
202104091542,"4385,5757,4976,4269,3617,4931,4748,5434,4849,2857,5769,6000,5000,4951,5263,5021,5567,4782,5245,4761"
202104081541,"3157,2424,3492,3954,3297,2876,3041,3478,3909,7142,4349,2812,10000,3429,2680,2785,3505,2560,4016,4519"
202104071542,"6491,5757,5865,6629,5851,6891,6504,6956,7378,7142,6005,7187,5000,6796,6348,6677,5876,6699,6967,5961"
202104061543,"5913,5454,4951,5139,5000,5405,4962,4347,4699,8571,5207,5000,0,4708,5454,5373,5876,5145,5245,4571"
202104051541,"5000,6969,5288,6871,5957,5945,6299,5869,5789,4285,5994,4562,5000,4902,5537,5088,6082,5485,5409,4571"
202104021543,"5000,6969,5288,6871,5957,5945,6299,5869,5789,4285,5994,4562,5000,4902,5537,5099,6082,5485,5409,4571"
202104011540,"4210,3333,4471,4916,4361,4246,4344,5434,5543,5714,5133,4125,5000,4215,4777,4150,5257,4708,5163,5523"
202103311541,"5486,5151,5240,5139,5638,5342,4962,5652,4210,2857,5177,6187,5000,4264,5387,5242,5670,4466,5245,3619"
202103301541,"4642,2424,5144,5730,4255,5000,4531,5217,4962,5714,4926,4936,0,5707,4810,4514,5670,4854,5245,4433"
202103291542,"5178,4848,5480,5280,5531,5675,4868,6521,5827,5714,5325,6139,5000,5609,5172,5337,5773,5000,6721,5471"
202103261551,"6250,6666,5288,5561,6595,6216,5898,5000,4887,5714,5710,5253,5000,6341,5888,5415,5876,5436,5737,5809"
202103251544,"3750,4545,3317,4831,3936,4324,4285,3695,4323,5714,4065,4430,0,3317,3371,3962,3711,4029,3770,3714"
202103241549,"5089,3939,5288,5168,4893,4324,4285,4130,4603,5714,5192,4088,0,4439,4276,4395,4123,4417,3606,4380"
202103231539,"5132,7187,6201,7005,5744,5135,6116,5434,6301,7142,6409,5597,0,5073,5601,5684,6288,5853,6393,5428"
202103221542,"7297,7187,6811,6949,7419,6756,7218,6739,7218,7142,6557,7044,10000,6206,6606,6926,6082,7438,7540,6571"
202103191537,"4324,4375,4660,5367,5161,5270,4530,4130,4586,7142,5667,4150,10000,4851,4555,4621,4536,4187,5327,5619"
202103181538,"5486,4062,5242,4689,4408,4459,4699,5217,4248,5714,5341,5220,5000,4581,4695,5105,4329,4137,5245,4666"
202103171537,"5398,3437,6165,5280,5806,6351,5856,7391,4924,1428,5281,5660,5000,5392,5700,5551,5876,5544,5573,4476"
202103161537,"7256,7500,7233,7022,7096,6756,6986,6739,6278,8571,6646,7169,10000,7156,7034,7254,6907,6865,6639,7809"
202103151537,"7256,7187,7427,7344,8387,7702,7382,8260,7669,7142,7062,8291,10000,7892,7940,7494,7319,6683,8032,6571"
202103121537,"6371,4062,6650,6045,7096,5135,6158,8478,6766,7142,6023,7215,5000,7073,6688,6473,6701,5792,7540,7333"
202103111535,"7699,8125,8009,8305,7311,8243,8587,8043,8195,7142,8035,8481,10000,7450,8344,8058,7628,8656,8524,8095"
202103101537,"4336,4062,3864,5028,3978,4324,3841,6086,3796,2857,3392,3670,5000,4778,4537,4057,3608,4129,4016,4190"
202103091537,"2477,1875,3043,3220,2795,3378,1694,3043,3195,0,2500,3481,5000,2266,2508,2630,2164,2089,4016,3238"
202103081537,"3274,2187,2912,3276,3118,3783,2448,2173,2894,4285,2500,3481,5000,2463,2710,3281,3092,2524,2540,4134"
202103051537,"5446,5000,5533,4829,5212,5000,5160,5434,4699,1428,5267,6242,5000,4236,4661,5435,5937,5566,5245,4519"
202103041537,"4553,5312,5658,4943,5531,5205,4423,8043,5639,7142,5000,5541,5000,6157,5346,5167,5578,4285,5081,6346"
202103031537,"6428,7812,7073,6363,6170,6944,7296,6304,6441,10000,7172,6987,10000,6798,6688,6886,6354,7044,7049,6730"
202103021536,"6875,3750,5414,5909,5531,5555,6553,3913,4738,10000,5505,5833,0,5148,5502,5803,5979,6009,5737,7019"
202103011537,"7410,8125,7303,8171,7127,7671,8106,7826,7116,8571,7708,7692,5000,7623,7726,7975,7604,8118,7049,6826"
202102261536,"4684,5312,5196,3542,4042,5342,4109,3260,3183,2857,3571,4649,5000,3645,4514,4581,4062,4059,5000,4615"
202102251536,"3909,5483,5268,5852,4468,5342,4242,5652,5992,7142,4404,4968,0,4630,4481,4480,4375,3465,6065,6057"
202102241536,"6090,6451,5882,6590,6702,7260,6325,4130,5464,4285,5104,6369,5000,5467,6013,6510,6494,6534,5245,6153"
202102231536,"4545,4193,5882,5909,5106,5205,5890,5869,5501,5714,5283,5541,5000,4729,5881,5543,4742,5693,5245,5096"
202102221532,"2090,1290,2205,2329,1702,1643,1268,2608,1710,0,1582,1656,0,2068,1861,1914,3505,1386,1475,2019"
202102191545,"7363,5806,6536,6022,6595,7534,6856,5000,7340,7142,6447,6242,0,6009,6968,6886,6562,6980,6666,6826"
202102181544,"6000,5483,5902,5568,4255,6164,5700,6595,4606,4285,6000,4904,10000,5862,6237,5464,5208,5198,5083,5192"
202102171536,"3454,2580,5219,4715,6063,5342,4391,3191,3932,7142,4716,4713,0,4705,4801,4343,5416,4702,5123,5769"
202102161536,"3454,2580,5219,4715,6063,5342,4391,3191,3932,7142,4716,4713,0,4705,4801,4343,5416,4702,5123,5769"
202102151536,"3454,2580,5219,4715,6063,5342,4391,3191,3932,7142,4716,4713,0,4705,4801,4343,5416,4702,5123,5769"
202102121536,"3454,2580,5219,4715,6063,5342,4391,3191,3932,7142,4716,4713,0,4705,4801,4348,5416,4702,5123,5769"
202102111536,"3454,2580,5219,4715,6063,5342,4391,3125,3932,7142,4716,4713,0,4705,4801,4348,5416,4726,5123,5769"
202102101536,"3454,2580,5219,4715,6063,5342,4391,3125,3932,7142,4714,4713,0,4705,4801,4353,5416,4726,5123,5769"
202102091536,"3302,3870,4313,4147,4680,3561,4524,4166,4569,1428,4096,3821,5000,4117,3943,3783,3541,3600,5206,5096"
202102081534,"3853,3870,4729,5200,5106,4246,4380,4583,4606,7142,5210,4522,10000,5441,4554,4436,4375,3517,3801,5192"
202102051535,"2752,3870,3529,3200,4148,4861,2376,3750,3609,4285,3524,4012,5000,3382,3415,3183,4270,2412,3553,3557"
202102041536,"4128,3225,4607,3942,4042,4027,3785,5208,4097,4285,3493,4267,5000,4088,3739,3554,3854,3517,4016,4711"
202102031542,"3761,4375,3137,3314,3936,4444,2715,3541,3646,4285,2960,3248,10000,4039,3492,3273,3229,2613,3688,2500"
202102021544,"5688,6250,5784,5257,4468,5000,5517,4166,4924,7142,4803,4840,5000,5172,5373,5505,5104,5778,5081,5961"
202102011545,"6111,7187,5098,5085,4574,4861,6245,5416,4812,2857,5632,5732,5000,6009,5737,5865,5851,5879,5819,5922"
202101291545,"6481,6250,6617,6742,8297,6250,7677,6458,6052,4285,7048,6687,5000,6798,7003,7266,6808,7200,5901,6633"
202101281642,"3888,3125,3658,4022,4574,4027,3467,4166,4736,2857,3975,3949,5000,4356,3853,3637,4361,3366,3884,4800"
202101271541,"6074,5312,5951,4540,5319,6111,5938,6875,5789,7142,5090,6560,0,5544,6146,5997,5851,5929,5702,5445"
202101261542,"3084,5806,4146,4195,5319,5555,4049,5625,4624,2857,4006,5541,0,4356,3936,4622,3617,4371,5041,5643"
202101251616,"3925,4516,4754,5919,5000,5138,4769,5833,5280,4285,4698,4743,10000,5148,4784,4746,4574,3467,4462,4356"
202101221615,"4018,3125,4117,4571,3510,4027,4730,3125,3146,7142,5783,3653,10000,3712,4492,4406,4255,3819,4000,3529"
202101211621,"3644,3125,4236,5200,4574,4305,4307,6041,4644,4285,3957,4551,5000,4009,4376,4212,3829,4467,4166,4509"
202101201618,"6728,7187,5911,5714,6063,5277,6692,6875,6329,4285,6344,5769,0,6732,6405,6417,6489,7193,5833,5588"
202101191616,"6203,7187,5763,6400,6276,6527,5741,6382,6691,7142,5861,5705,10000,6287,5820,5850,6808,5867,6750,6176"
202101181617,"5833,5937,5369,5428,5319,5000,6223,5217,4812,1428,5317,6129,5000,5445,5681,5566,5957,5230,4750,5392"
202101151613,"4166,5625,5960,4800,4787,6805,4605,6170,4548,4285,5030,4774,5000,5297,5299,5419,4895,4717,4916,5392"
202101141613,"4259,4687,4482,4685,3936,5138,4951,2765,4210,8571,4212,5225,0,5000,4584,4110,5000,4153,5163,4607"
202101131612,"4166,5312,5320,5454,5319,5277,5857,5744,5992,7142,5606,5741,5000,5148,5199,5170,4895,5333,5772,5490"
202101121609,"5233,6562,5784,5965,6808,5972,7552,6382,6853,5000,6918,7161,5000,6930,6129,6299,5000,6649,6585,6078"
202101111605,"2803,3750,3990,3465,3936,3611,4076,2978,3445,6666,3484,3354,5000,3415,3637,3863,4479,3917,4065,3529"
202101081600,"4112,3750,5000,5113,5212,5138,5307,5744,5393,8571,5531,4267,0,5990,4651,4625,5625,4358,5203,5882"
202101071600,"4018,5312,5665,5738,3723,4444,5807,5957,6641,5714,5045,5414,5000,6287,5008,5318,4895,5179,6341,4509"
202101061559,"5046,5000,5346,6457,4946,6197,5292,7954,6136,8571,6141,5677,0,6091,5769,5686,4526,5336,4552,6633"
202101051558,"5514,5483,5221,6818,5106,5416,6115,5957,6377,10000,6181,5159,0,5742,5666,5531,5000,5846,5284,5294"
202101011554,"6226,4838,5970,6136,6170,5694,5992,6250,5811,7142,5545,6193,5000,6089,5640,5800,6354,5384,5609,5000"
202012311556,"6226,4838,5970,6136,6170,5694,5992,6250,5811,7142,5545,6193,5000,6089,5640,5800,6354,5384,5609,5000"
202012301553,"3396,3870,4405,4545,3829,3888,3718,3750,6188,4285,3738,4451,0,4257,4050,3741,3333,3608,4634,5148"
202012291552,"3584,3870,4059,4431,3829,4722,3903,4680,4867,1428,4316,3806,10000,3217,4190,4333,4479,3350,5000,3663"
